id,name
1,
2,혼고카나타
3,마크듀플라스
4,제이슨베이트먼
5,엘리마리엔탈
6,제이콥트렘블레이
7,김성오
8,호야
9,밋첼머소
10,김남주
11,루시보인턴
12,이경영
13,김민희
14,박시연
15,현태호
16,마드하반
17,사라로머
18,알렉산더니퐁
19,톰윌킨슨
20,이세마리야
21,크리스토퍼플러머
22,김향기
23,에이단퀸
24,구잘투르수노바
25,장신영
26,윤아민
27,비고모텐슨
28,프랭크란젤라
29,박은혜
30,조쉬할로웨이
31,공효진
32,정재호
33,최정윤
34,김기범
35,황혁
36,김채희
37,김정학
38,크리스찬베일
39,이영란
40,피어스브로스넌
41,자레드레토
42,미우라타카히로
43,아키야마유즈키
44,애셔북
45,나타위라눗통미
46,황곤현
47,아오이유우
48,김영민
49,이원종
50,중광
51,정준호
52,안소니힐드
53,소피오코네도
54,하용수
55,이삼순
56,커스틴던스트
57,장백지
58,마리안느세이지브레트
59,맷오버그
60,자넬모네
61,이보영
62,성유리
63,홀리고스
64,유선
65,세르지오카스텔리토
66,케네스브래너
67,쵸
68,토요카와에츠시
69,코이데케이스케
70,김이수
71,데니스리차드
72,제니퍼쿨리지
73,마틴로렌스
74,타니하라쇼스케
75,아흐마드칸마흐미드제다
76,필립쇼바고비치
77,김성철
78,박지일
79,혼다츠바사
80,나가세토모야
81,전미선
82,휴그랜트
83,대릴한나
84,윤이나
85,모스데프
86,신하균
87,이치카와미카코
88,애슐리티스데일
89,황선화
90,재희
91,카미키류노스케
92,손민석
93,김산호
94,최지현
95,김환희
96,송준영
97,존론
98,김정민
99,로리페티
100,백종학
101,이민기
102,켄렁
103,아라이히로후미
104,레너드위팅
105,김승우
106,차승우
107,유승호
108,김호정
109,폴지아마티
110,미카슬로앳
111,나빈앤드류스
112,박경혜
113,루로마노
114,엘렌페이지
115,레이피셔
116,오마사이
117,임지연
118,민성욱
119,달이
120,홀리헌터
121,이준혁
122,이시언
123,지미펄론
124,켈리맥도날드
125,레이로마노
126,오계화
127,키무라후미노
128,한채아
129,오정세
130,쿠노벡커
131,클레어데인즈
132,바이올렛빈
133,에미로섬
134,타이레스
135,윌리엄허트
136,맷딜런
137,이영자
138,다쉴사페리
139,올랜도블룸
140,김지미
141,잭슨로버트스콧
142,정보석
143,아스미카나
144,안재모
145,다니엘크레이그
146,조니리밀러
147,브리라슨
148,주성치
149,오웬윌슨
150,천옌시
151,이하늬
152,정화자
153,빌머레이
154,레이첼니콜스
155,디디에베자크
156,백윤식
157,제리세인펠드
158,존굿맨
159,믹케인
160,줄리아나마굴리스
161,사정봉
162,김영자
163,송재하
164,루니마라
165,마츠시마나나코
166,샘러너
167,로자먼드파이크
168,정석원
169,박효주
170,가렛딜라헌트
171,다이아나페날베
172,김준배
173,장-클로드돈다
174,타츠미츠토무
175,백학기
176,이학주
177,리아나
178,니노미야카즈나리
179,미안나버링
180,에바멘데스
181,제프브리지스
182,하희라
183,제라르쥐노
184,손창민
185,알렉사다바로스
186,줄리아오몬드
187,로지헌팅턴휘틀리
188,더그존스
189,벤킹슬리
190,정희태
191,클린트이스트우드
192,패튼오스왈트
193,에밀리아클라크
194,키이라나이틀리
195,마이클페나
196,소주연
197,드와이트요아캄
198,조현재
199,르자
200,김채순
201,백종환
202,레지나홀
203,안노히데아키
204,패트릭스튜어트
205,존한나
206,크리스티나리치
207,매들린캐롤
208,오만석
209,정은채
210,임시완
211,마이클케인
212,콘스탄스우
213,제리오코넬
214,매즈미켈슨
215,타나카민
216,이안맥켈런
217,남주혁
218,우에노주리
219,노영학
220,폴프리먼
221,배용준
222,위하준
223,이숙정
224,앤콘시니
225,루이스호마르
226,켈리프레스톤
227,조혜련
228,차수연
229,조지헨리
230,지석진
231,한성수
232,카렐로든
233,진지희
234,마크라이런스
235,요아힘크롤
236,류승수
237,사이먼페그
238,안젤라베이비
239,오아연
240,제이코트니
241,스튜어트타운센드
242,김갑수
243,박하늘
244,이상범
245,신정환
246,제니퍼로페즈
247,아나톨리벨리
248,오군여
249,조민수
250,우에토아야
251,덴젤워싱턴
252,김희애
253,이현욱
254,임희뢰
255,아베사다오
256,김어준
257,크레이그비에코
258,김정훈
259,아담드라이버
260,유덕화
261,타하르라힘
262,모세제이콥스톰
263,채드마이클머레이
264,고아성
265,와그너모라
266,오정해
267,정가영
268,리지캐플란
269,데니스호퍼
270,안지걸
271,배소은
272,카일챈들러
273,리차드그리에코
274,덩차오
275,박예나
276,아콰피나
277,제임스마스터스
278,기타노다케시
279,앨버트브룩스
280,김종수
281,칸델라페르난데즈
282,정가성
283,아오키카즈요
284,파비앙에로
285,동해
286,안젤리카휴스턴
287,다케이아카시
288,조민기
289,제니퍼허드슨
290,김기춘
291,아만다리게티
292,조앤더슨
293,레안드로피르미노
294,박인환
295,미야무라유코
296,슈어나맥도널드
297,서성광
298,박진희
299,조엘킨나만
300,엘든이렌리치
301,크리스브라운
302,탕웨이
303,태인호
304,파블로쉬레이버
305,조지해리슨
306,시고니위버
307,나디아파레스
308,딘노리스
309,송종호
310,혼나요코
311,제프리딘모건
312,서도영
313,장혜문
314,손은서
315,한넬로르엘스너
316,폴러드
317,김하래
318,김규리
319,데이빗크로스
320,제이미도넌
321,진혜림
322,조미령
323,마린백트
324,박정민
325,캣테보
326,원결영
327,안나윈투어
328,힐러리로댐클린턴
329,김범준
330,윤종훈
331,헨리골딩
332,미셸로드리게즈
333,릭슨테베즈
334,남태현
335,제니퍼가너
336,엘리자베스슈
337,후카다쿄코
338,진트리플혼
339,존허트
340,나카오류세이
341,맷스토코
342,마사순
343,알렉스로
344,폴라패튼
345,오데트애나벨
346,성준
347,킴구티에레즈
348,김사랑
349,이토르구드욘손
350,크리스쿠퍼
351,키언존슨
352,서지석
353,제레미레너
354,엄지원
355,미카엘페르스브란트
356,황태광
357,매튜그레이구블러
358,낸시알렌
359,박로미
360,우마
361,최노인의소
362,아미르파로크하스미얀
363,히나미쿄코
364,오스틴스토웰
365,줄리엣루이스
366,콘스탄틴카벤스키
367,팀피곳스미스
368,정영숙
369,황성의
370,나우엘페레즈비스카야트
371,알베르뒤퐁텔
372,레이몬드오초아
373,하비에르보텟
374,박기웅
375,안재현
376,루이
377,이재균
378,카밀라벨
379,에밀허쉬
380,브랑코쥬리치
381,안소니곤잘레스
382,제이슨미웨스
383,은지원
384,김정화
385,엘리어스코티스
386,야마다료스케
387,토니자
388,강신일
389,리나레안데르손
390,덴덴
391,마이클섀넌
392,타카야마미나미
393,이마이미키
394,이진욱
395,이주승
396,딜란맥더모트
397,시아란힌즈
398,히라타히로아키
399,안용준
400,코리스톨
401,송하윤
402,정유정
403,빌팩스톤
404,이유미
405,윤진서
406,바스블랙우드
407,조쉬하트넷
408,브래드리휘트포드
409,차인표
410,마이클본허터
411,박상욱
412,임순분
413,레자나지
414,황광희
415,김우남
416,조한철
417,임진희
418,하지원
419,제이헤르난데즈
420,론리프킨
421,진세연
422,세르게이아가포노프
423,유하준
424,존C.라일리
425,이장우
426,제니퍼빌즈
427,하야시켄토
428,제임스갠돌피니
429,임화영
430,김진수
431,모이라켈리
432,김정태
433,오다기리죠
434,김제동
435,크리스틴애덤스
436,필립B.스타크
437,케이티홈즈
438,알렉스울프
439,이재인
440,김혜옥
441,김창완
442,까뜨린느드뇌브
443,박하영
444,제이든스미스
445,고수
446,이기영
447,제니오하라
448,한재석
449,차엽
450,브렌튼스웨이츠
451,나지상
452,피터로메이어
453,매튜세틀
454,소피아마일즈
455,브리트니머피
456,아만다바인즈
457,아베히로시
458,스와나나카
459,마이클바턴
460,류수영
461,정상훈
462,한지민
463,애쉬튼커쳐
464,에밀리아폭스
465,마리아포에체예브나
466,호리키타마키
467,테레사팔머
468,산도르즈소테르
469,이정현
470,이수현
471,프랑수아시빌
472,왕조현
473,레이밀랜드
474,신초우코콘데이
475,타케이에미
476,비타스
477,글렌클로즈
478,김규철
479,신은경
480,톰시즈모어
481,전재현
482,존말코비치
483,안영미
484,알렉산드로니볼라
485,민지아
486,이지현
487,제이엘리스
488,곽도원
489,콜린파렐
490,휴잭맨
491,백도빈
492,배누리
493,진도명
494,페드로파스칼
495,오지호
496,케빈두런드
497,서승현
498,헨리카빌
499,남보라
500,애나벨월리스
501,설현
502,유재석
503,애덤리바인
504,게리시나이즈
505,뷔
506,쿠바구딩쥬니어
507,리오넬메시
508,크리스토퍼맥도날드
509,돈치들
510,마츠오카마유
511,하세가와아키코
512,숀로버츠
513,에버렛맥길
514,안도규
515,샤이아라보프
516,대니분
517,김형태
518,데이빗아퀘트
519,미와아키히로
520,임정은
521,마티유카소비츠
522,톰테일러
523,모르자나아나위
524,원영의
525,주진우
526,올리비아쿡
527,나카다이타츠야
528,테일러쉴링
529,이지원
530,하성민
531,마이클귀스덱
532,브리지트포시
533,쉬판
534,지연
535,닉놀테
536,스가와라분타
537,신세경
538,조나단새도스키
539,이상윤
540,제커리레비
541,김고은
542,사나다히로유키
543,캐리멀리건
544,크리스록
545,무라카미니지로
546,박용하
547,이나라
548,존레논
549,이경준
550,앤드류가필드
551,채서진
552,엘리자베스모스
553,이아인글렌
554,나문희
555,타타나트리엡
556,스콧이스트우드
557,존햄
558,제이미프레슬리
559,피터뮬란
560,미키루크
561,이필립
562,에드워드드루이터
563,산제이더트
564,공수진
565,시릴라파엘리
566,자레드그라임스
567,트린들레이나
568,친란
569,이광수
570,이나미안쥬
571,존카메론미첼
572,베디아킨
573,콤파이세군도
574,김옥빈
575,유리
576,오시나리슈고
577,아놀드슈왈제네거
578,오카다준이치
579,관지림
580,유지태
581,임슬옹
582,앨리슨윌리암스
583,안소니앤더슨
584,알렉스R.히버트
585,김상경
586,테시마아오이
587,저스틴팀버레이크
588,박해진
589,김가연
590,라이언콴튼
591,웨스스투디
592,발킬머
593,최석준
594,클라우스웨네먼
595,조엘에저튼
596,라민카림루
597,윤종신
598,마틴바덴
599,아이스큐브
600,루카스블랙
601,최민식
602,유동근
603,강하나
604,박상민
605,아야노고
606,제이슨모모아
607,이승현
608,CCH파운더
609,오달수
610,릭말람브리
611,홍상표
612,문석범
613,황우슬혜
614,데니스프랜즈
615,알버트피니
616,밀리샤피로
617,샤를리즈테론
618,칸지야시호리
619,릭윤
620,한동준
621,티나페이
622,이재윤
623,50센트
624,한여름
625,장영남
626,알렉산드라라미
627,엠마스톤
628,잭에프론
629,시이나깃페이
630,전석호
631,이성열
632,나탈리아루다코바
633,윤소정
634,퀸라티파
635,박선우
636,반민정
637,선우선
638,애런존슨
639,장르노
640,이기우
641,타카기히토시
642,데이브프랭코
643,박유천
644,브래들리쿠퍼
645,코트니러브
646,세바스찬스탠
647,에이미라이더
648,정혜영
649,다니엘데이루이스
650,아누쉬카샤르마
651,루피타뇽
652,나카이키이치
653,야마구치캇페이
654,박종환
655,최윤영
656,스티븐볼드윈
657,장항선
658,스콧와인거
659,제임스브롤린
660,이유비
661,이은미
662,이동건
663,변옥선
664,메키파이퍼
665,지나거손
666,하비에르바르뎀
667,이태석
668,카리나카푸르
669,엘리자베스베리지
670,이예원
671,바하레세디키
672,류준열
673,스기사키하나
674,장학우
675,이태리
676,타일러라빈
677,톰베린저
678,조성목
679,릭더코먼
680,숀패리스
681,성민철
682,김서형
683,권해효
684,다니엘헤니
685,마샤게이하든
686,이선균
687,줄리카브너
688,송지효
689,미우-미우
690,택연
691,김혜성
692,임유진
693,이동휘
694,박준규
695,이정재
696,곽소동
697,존레귀자모
698,존허드
699,김가희
700,톰하디
701,앤디질렛
702,재지비츠
703,니콜라스케이지
704,아만다브룩스
705,사쿠라아야네
706,벤벡커
707,조이브라이언트
708,이세야유스케
709,미츠시마히카리
710,샘워싱턴
711,스티브맥퀸
712,예성
713,진경
714,캐리피셔
715,마이클J.폭스
716,이와타미츠오
717,조재윤
718,나오미왓츠
719,미아와시코브스카
720,김병춘
721,올렉멘시코브
722,니콜레타브라스키
723,리차드매든
724,데이빗모스
725,빈센트스파노
726,리암헴스워스
727,크리스토프왈츠
728,바하르파르스
729,고현정
730,토미베그렌
731,제프골드브럼
732,다니엘브륄
733,자흐갈리피아나키스
734,김하연
735,카지유우키
736,올가쿠릴렌코
737,이규회
738,토니샬호브
739,앨리슨미칼카
740,케이파너베이커
741,유노윤호
742,전소민
743,오진우
744,켈리후
745,스티븐캠벨무어
746,김소연
747,유제윤
748,로즈번
749,코히나타후미요
750,쿠로키하루
751,김민규
752,이병준
753,장한
754,티모시올리펀트
755,주원
756,향좌
757,해리슨포드
758,강은비
759,정진영
760,김미숙
761,진용욱
762,한스모르텐한센
763,토머시슬리
764,해리코닉주니어
765,스펜서로크
766,키퍼서덜랜드
767,윌페렐
768,딜로이린도
769,황인영
770,후쿠시소우타
771,송윤아
772,황금희
773,쿠도유키
774,제프다니엘스
775,차민지
776,이혜영
777,유장주
778,이영하
779,민효린
780,제인레비
781,박건형
782,닉캐논
783,이다희
784,양기
785,요하네스바쿤게
786,김종구
787,김남길
788,워드호튼
789,전국환
790,요시자와타이요
791,클리프커티스
792,안우연
793,송강호
794,이순재
795,한주완
796,정겨운
797,김혜리
798,에프게니미노로프
799,아메리카페레라
800,원세훈
801,로버트맥노튼
802,이타오이츠지
803,유소영
804,엘렌버스틴
805,고창석
806,정웅인
807,이브라임페레르
808,최리
809,우현
810,버트영
811,아나벨라시오라
812,미셸파이퍼
813,박하선
814,바네사허진스
815,아나토렌트
816,시마모토스미
817,유리로웬탈
818,임예진
819,장나라
820,헤더마리마스든
821,류주형
822,서태훈
823,펠레마르티네즈
824,스캔다케인즈
825,임청하
826,트래반트로즈
827,박철민
828,에이미스마트
829,사라폴리
830,플라비오파렌티
831,폴바르텔
832,마이클웨스톤
833,서민서
834,이은주
835,이시다타쿠야
836,니시지마히데토시
837,강도하
838,시노하라요시코
839,제이슨스타뎀
840,박해준
841,조진웅
842,김지원
843,수잔클레망
844,카쿠토모히로
845,허준호
846,케이트보스워스
847,곽진영
848,김인권
849,왕리홍
850,크리스틴위그
851,메리엘리자베스윈스티드
852,자크검블린
853,박성훈
854,프레디하이모어
855,이르판칸
856,방대한
857,데이먼웨이언스
858,이기홍
859,제이든리버허
860,김명일
861,보니헌트
862,테일러키취
863,김수로
864,무라카와리에
865,올리비아썰비
866,하들리프레이저
867,매튜리즈
868,비비나세리
869,오오사와타카오
870,구승현
871,이가와히사시
872,데이빗하버
873,케이트맥키넌
874,샘클라플린
875,엘리자더쉬쿠
876,이디나멘젤
877,마이클잭슨
878,이유영
879,박선영
880,문원주
881,티아레오니
882,야마자키와카나
883,이대연
884,윌리암모즐리
885,견미리
886,앤디가르시아
887,안나클럼스키
888,고원희
889,괴츠오토
890,이케마츠소스케
891,앨리슨제니
892,츠마부키사토시
893,엘마웨퍼
894,하마다가쿠
895,제러드파달렉키
896,폴맥길
897,론리빙스턴
898,톰스커릿
899,아델에그자르코풀로스
900,하시모토아이
901,장진
902,위난
903,송새벽
904,케리러셀
905,김현수
906,마키요코
907,김아중
908,하석
909,로건마샬그린
910,김유빈
911,알리맥그로우
912,강문
913,숀애스틴
914,숀코네리
915,전수진
916,나가사와마사미
917,빅토와르띠비솔
918,헤이든파네티어
919,은혁
920,줄리엣비노쉬
921,고수희
922,리차드아텐보로
923,신구
924,패트릭맥구한
925,오존
926,오태경
927,데니스파리나
928,멜라니생피에르
929,여문락
930,지안카를로지아니니
931,앤해서웨이
932,다케노우치유타카
933,스티브잔
934,밀라요보비치
935,츠치야안나
936,샘해밍턴
937,이상훈
938,올라이즈밴드
939,김수지
940,짐하이
941,찰스댄스
942,소메타니쇼타
943,필리스스미스
944,알렉세이차도프
945,카메론디아즈
946,대니휴스턴
947,최지우
948,최철호
949,우피골드버그
950,이지아
951,사라웨인콜리스
952,서현진
953,타마키히로시
954,알리라터
955,정인기
956,에두아르도루이스
957,여욱환
958,박남현
959,이화정
960,일라이저우드
961,켈란루츠
962,제이슨세걸
963,스테파니베넷
964,양진성
965,쥴시트럭
966,이가흔
967,토마스제인
968,김꽃비
969,데니스오
970,서원
971,드니라방
972,대니글로버
973,지혜
974,정두언
975,제임스칸
976,미란다오토
977,채드윅보스만
978,코스타스맨다이어
979,노아링어
980,아미아밀러
981,패트릭슈왈제네거
982,박소담
983,슈가
984,라미란
985,셜리맥클레인
986,고아라
987,채민서
988,조니뎁
989,임원희
990,공리
991,김태환
992,주현
993,강한나
994,토니콜렛
995,민지현
996,시바사키코우
997,루시헤일
998,이형석
999,백봉기
1000,치넨유리
1001,에드워드애스너
1002,엘리자베스올슨
1003,앰버허드
1004,케이위라이먼
1005,전지현
1006,다케우치유코
1007,윤경호
1008,히로세스즈
1009,츠카모토타카시
1010,사사키노조무
1011,니니
1012,박근형
1013,리천
1014,김아론
1015,야나기미키
1016,서태화
1017,유승준
1018,가이피어스
1019,애쉬튼홈즈
1020,브라이스달라스하워드
1021,강래연
1022,김병옥
1023,미셀도커리
1024,아미해머
1025,정중기
1026,차태현
1027,무라세아유무
1028,임형국
1029,류덕환
1030,오성태
1031,유승목
1032,박진영
1033,마이클C.홀
1034,이은성
1035,박시후
1036,서은아
1037,유진레비
1038,바크하드압디
1039,리톰슨
1040,타키모토미오리
1041,류승범
1042,카일갈너
1043,임하룡
1044,추상미
1045,에반레이첼우드
1046,나카타니미키
1047,서기
1048,이진
1049,크리스토퍼로이드
1050,K.J.아파
1051,장-피에르바크리
1052,이준
1053,김영용
1054,제이미킹
1055,이범수
1056,숀빈
1057,마리아벨로
1058,마이클키튼
1059,제시카차스테인
1060,왕즈원
1061,이연걸
1062,손예진
1063,제이크질렌할
1064,정려원
1065,노아테일러
1066,조엘리리차드슨
1067,차선우
1068,박성민
1069,굴초소
1070,구숙정
1071,데이빗스트라탄
1072,박세진
1073,레슬리만
1074,표도르예멜리야넨코
1075,송일국
1076,이수경
1077,손호준
1078,김지석
1079,배수빈
1080,황보라
1081,주안리딩거
1082,블라디미르브도비첸코프
1083,가이아와이즈
1084,순홍레이
1085,말론브란도
1086,폴다노
1087,가엘가르시아베르날
1088,번소황
1089,다니엘그라오
1090,클락게이블
1091,정혜옥
1092,최명빈
1093,이병헌
1094,로라리니
1095,후지키나오히토
1096,마치아스슈와바이어퍼
1097,마누엘라벨라스코
1098,클로이모레츠
1099,박혜수
1100,데미안루이스
1101,마동석
1102,스칼렛요한슨
1103,파코만사네도
1104,류탁정
1105,글로리아에스테판
1106,힐러리스웽크
1107,석천
1108,아나지라르도
1109,유지원
1110,폴클레이턴
1111,최다니엘
1112,에드워드노튼
1113,타이사파미가
1114,최진호
1115,고준희
1116,T.J.밀러
1117,조쉬스튜어트
1118,장성범
1119,베르나르파시
1120,나나
1121,안소희
1122,김수안
1123,마이클B.조던
1124,캐서린워터스턴
1125,토마스생스터
1126,문희경
1127,백승환
1128,닐스아르스트럽
1129,벤노퓨어만
1130,김승현
1131,노노무라마코토
1132,필라비탈라
1133,김성규
1134,팜케얀센
1135,김장겸
1136,미켈폴스라르
1137,케빈코스트너
1138,이스라엘브로우사드
1139,빙라메스
1140,이태란
1141,유신애
1142,엔리코로베르소
1143,브느와마지멜
1144,남규리
1145,김유정
1146,카와구치하루나
1147,멕라이언
1148,크리스토퍼리
1149,후지와라케이지
1150,오윤아
1151,탈리타베이트먼
1152,랜스헨릭슨
1153,임태풍
1154,조나단리스마이어스
1155,윤승아
1156,코니브리튼
1157,조금맥
1158,록산느맥키
1159,브리아나에비건
1160,태런에저튼
1161,양채니
1162,손희경
1163,최진리
1164,동호
1165,김군
1166,이용한
1167,아이다리카코
1168,오오츠카아키오
1169,상니
1170,박정순
1171,엘라콜트레인
1172,데니스퀘이드
1173,김의선
1174,멜라니로랑
1175,유예은
1176,김민준
1177,표도르본다르추크
1178,서지혜
1179,로렌저먼
1180,리버피닉스
1181,루크앨브라이트
1182,이문수
1183,에바그린
1184,이노우에마리나
1185,릴로메오
1186,진기주
1187,문채원
1188,다코타패닝
1189,올리비아더들리
1190,브루스그린우드
1191,장준녕
1192,이영수
1193,린다라킨
1194,나자루딘
1195,조수향
1196,타이심킨스
1197,로나미트라
1198,누미라파스
1199,레베카퍼거슨
1200,앵거리라이스
1201,유해진
1202,앤디서키스
1203,뱅상카셀
1204,임수향
1205,스티븐연
1206,시드니폴락
1207,문예원
1208,틸슈바이거
1209,캐서린터너
1210,장희진
1211,최수종
1212,에드오닐
1213,세스맥팔레인
1214,레이첼마이너
1215,잭팰런스
1216,앨리스잉글러트
1217,레이리오타
1218,닉자노
1219,히다카노리코
1220,윈스턴듀크
1221,멜리사존스
1222,효민
1223,추티몬추엥차로엔수키잉
1224,잭레이너
1225,마크월버그
1226,빌리밥손튼
1227,빈센트도노프리오
1228,오구리슌
1229,존에이브러햄스
1230,이봄
1231,존터투로
1232,코니닐슨
1233,존본조비
1234,브래드렌프로
1235,윌펠츠
1236,우아웅코
1237,도이히로키
1238,한채영
1239,도금연
1240,알란아킨
1241,줄리앤드류스
1242,다이치마오
1243,김지현
1244,프레드윌러드
1245,금성무
1246,조셉묠
1247,프레디로드리게스
1248,김기천
1249,레이볼거
1250,문소리
1251,폴린콜린스
1252,레이맥아널리
1253,카트린사스
1254,스티븐스트레이트
1255,가인
1256,조성하
1257,장한위
1258,애덤가르시아
1259,미레유에노스
1260,제시카루카스
1261,나오미스콧
1262,올리비아데종
1263,이재용
1264,김범
1265,오맹달
1266,샘닐
1267,제임스카비젤
1268,옐레나랴도바
1269,로진요우네시
1270,샘라일리
1271,장동윤
1272,캐서린키너
1273,콜린퍼스
1274,박영규
1275,안드레아로건화이트
1276,줄리안무어
1277,샘워터스톤
1278,안성기
1279,마가리타레비에바
1280,카르멘마우라
1281,제미마루퍼
1282,박형식
1283,장민
1284,이켠
1285,말릭벤탈라
1286,릴리프랭키
1287,임은경
1288,제이슨코프
1289,이건
1290,빌밀너
1291,피터홀맨
1292,에릭라딘
1293,김연주
1294,하츠이코토에
1295,김하늘
1296,최민호
1297,펠레베네가아르드
1298,이효제
1299,에드옥슨볼드
1300,김유미
1301,폴워커
1302,장징추
1303,박민지
1304,필립버그
1305,김태우
1306,변요한
1307,태성
1308,클리프프라우즈
1309,글렌핸사드
1310,톰콘티
1311,크레이그페어브라스
1312,배한성
1313,박지영
1314,지진희
1315,사라가돈
1316,고소영
1317,피터코요테
1318,류시원
1319,마크그러너
1320,워렌비티
1321,멜깁슨
1322,이치하라하야토
1323,메건굿
1324,김동영
1325,샬토코플리
1326,남상미
1327,전세진
1328,크리스틴벨
1329,앤헤이시
1330,박희본
1331,뇌가음
1332,로렌자이조
1333,김중기
1334,박한별
1335,송영창
1336,리차드록스버그
1337,제레미피번
1338,마크해밀
1339,조크라비츠
1340,김영광
1341,박세영
1342,김환진
1343,맥스찰스
1344,이완맥그리거
1345,김의성
1346,휴보네빌
1347,함동산
1348,김정은
1349,마튼초카스
1350,멜리사조지
1351,나카이카즈야
1352,메이지윌리암스
1353,최우식
1354,데보라카라웅거
1355,이마이아사미
1356,시에라보게스
1357,닐패트릭해리스
1358,로비벤슨
1359,질리안청
1360,헤일리베넷
1361,딜런미네트
1362,골쉬프테파라하니
1363,최귀화
1364,정연주
1365,오승은
1366,데렉리
1367,이승욱
1368,신시아애들러
1369,로버트다우니주니어
1370,윤지민
1371,오오이즈미요
1372,유역비
1373,예지원
1374,줄리아로버츠
1375,파스칼뒤켄
1376,정경미
1377,장밥티스트모니에
1378,베키지
1379,매튜릴라드
1380,윤시윤
1381,야마자키츠토무
1382,라울줄리아
1383,로버트칼라일
1384,정국
1385,마리오카사스
1386,진의함
1387,매튜나이트
1388,강봉성
1389,엘리샤커스버트
1390,라울보바
1391,안나허치슨
1392,황지후
1393,박건우
1394,안서현
1395,설리반스탭플턴
1396,마리사파레데스
1397,브래드
1398,마리벨베르두
1399,하재동
1400,최막이
1401,샘엘리어트
1402,조지가르시아
1403,켄캠벨
1404,린-마누엘미란다
1405,장지림
1406,배성우
1407,제이슨우즈
1408,양가휘
1409,송준근
1410,정준영
1411,멜린다딜론
1412,데이빗헤밍스
1413,양동근
1414,게리올드만
1415,김민정
1416,다비드덴칙
1417,스테파니시그만
1418,에릭바나
1419,엽준
1420,고리
1421,톰헐스
1422,고마츠나나
1423,진구
1424,김장훈
1425,리즈화이트
1426,데보라앤월
1427,비비안수
1428,칼라쿠에브도
1429,정가람
1430,벤자민브랫
1431,잔조세프리퍼스
1432,모건프리먼
1433,박신혜
1434,오현경
1435,제임스코번
1436,호소야요시마사
1437,이다해
1438,폴슈나이더
1439,마이클리스폴리
1440,하석진
1441,이제훈
1442,도널드트럼프
1443,토니골드윈
1444,애비코니쉬
1445,마리나포이스
1446,나라
1447,송재호
1448,나영희
1449,마티아스쇼에나에츠
1450,잭블랙
1451,유가휘
1452,옥타비아스펜서
1453,미츠이시코토노
1454,헬렌미렌
1455,박정학
1456,천진
1457,이동욱
1458,김동욱
1459,안젤라랜즈베리
1460,최민수
1461,미하일바리시니코프
1462,아일라피셔
1463,아난다에버링엄
1464,찰리콕스
1465,벤위쇼
1466,크리스오도넬
1467,루카카프리오티
1468,제시브래포드
1469,벤반스
1470,찰리데이
1471,엄기준
1472,사라실버맨
1473,주상욱
1474,크리스프랫
1475,제임스크롬웰
1476,조니녹스빌
1477,지나데이비스
1478,휘트니휴스턴
1479,가스파르울리엘
1480,김현중
1481,곽진석
1482,류이호
1483,레베카드모네이
1484,루이스토사
1485,조컨니켈
1486,데브라메싱
1487,자오웨이
1488,임창정
1489,송민정
1490,알렉산드라다드다리오
1491,미셸발리
1492,아미르칸
1493,신용우
1494,타라지P.헨슨
1495,마고로비
1496,로라해리스
1497,이코우웨이스
1498,연정훈
1499,칼웨더스
1500,야기라유야
1501,해리슨영
1502,장역
1503,미란다리처드슨
1504,제니퍼코넬리
1505,제이미정
1506,강성진
1507,브렌다블레신
1508,아나디아르마스
1509,황추생
1510,김을분
1511,장혜진
1512,클라라
1513,이세영
1514,장첸
1515,존조
1516,김지수
1517,페이지오하라
1518,조애너조조레베스크
1519,유장영
1520,구호
1521,제프리러쉬
1522,홍금보
1523,난바쇼헤이
1524,잭휴스턴
1525,한정수
1526,이환
1527,로랑라피트
1528,김래원
1529,스탠리투치
1530,윤원준
1531,레이첼맥아담스
1532,댄스티븐스
1533,조슈브롤린
1534,니콜키드먼
1535,톰베이트먼
1536,라지니칸트
1537,린샤예
1538,제시카로테
1539,니콜라스카디
1540,에리카레어센
1541,마미검머
1542,유인영
1543,임현식
1544,이안홈
1545,강소라
1546,손숙
1547,크리스카맥
1548,맨디파틴킨
1549,박원상
1550,앤디샘버그
1551,정영철
1552,이승기
1553,이정헌
1554,노라치르너
1555,김정아
1556,김윤진
1557,케이트윈슬렛
1558,매튜맥커너히
1559,조상구
1560,소피아로렌
1561,김석훈
1562,브레킨메이어
1563,사이몬헬버그
1564,정우
1565,벨라손
1566,루크에반스
1567,이시카와유이
1568,조지나벨바안
1569,이자벨라스코럽코
1570,수라즈샤르마
1571,벤버트
1572,이해영
1573,야쿠쇼코지
1574,임경신
1575,앰버발레타
1576,모리스체스트넛
1577,캐서린맥코믹
1578,에밀리드켄
1579,사라팩스톤
1580,이사벨라모너
1581,에단호크
1582,한석규
1583,황효명
1584,샤크릿얌남
1585,브루노간츠
1586,리즈위더스푼
1587,곽부성
1588,주인
1589,조덕희
1590,홍익표
1591,앙드레뒤솔리에
1592,드류베리모어
1593,멜리사레오
1594,카라델레바인
1595,사카이마사토
1596,F.머레이아브라함
1597,박해일
1598,막스폰시도우
1599,마이크도퍼드
1600,알렉스페티퍼
1601,이성경
1602,알리시아비칸데르
1603,아만다에이드리언
1604,이연희
1605,데브파텔
1606,김영환
1607,김소진
1608,포레스트휘태커
1609,히가시데마사히로
1610,키트해링턴
1611,셀마헤이엑
1612,황현희
1613,조경이
1614,로빈윌리엄스
1615,우디앨런
1616,유진
1617,브라이언게라그티
1618,벤자민워커
1619,토비맥과이어
1620,송재림
1621,서우
1622,김소현
1623,테일러핸들리
1624,조셉고든레빗
1625,주진모
1626,모니카포터
1627,오잔아가츠
1628,빌나이
1629,케빈클라인
1630,아론폴
1631,천보근
1632,라이언포터
1633,윤유선
1634,알파치노
1635,아만다피트
1636,박서준
1637,가브리엘번
1638,엘리자베스뱅크스
1639,로만느보링거
1640,김구라
1641,카드므라드
1642,존번탈
1643,원풍연
1644,김선아
1645,리브타일러
1646,헤이든크리스텐슨
1647,수지에스먼
1648,손병호
1649,이희진
1650,증개현
1651,헬렌헌트
1652,마츠다카코
1653,니콜라이코스터왈도
1654,위노나라이더
1655,미야자와리에
1656,조여정
1657,시에나밀러
1658,주이디샤넬
1659,프랭크모건
1660,레아세이두
1661,스콧앳킨스
1662,하세가와히로키
1663,차예련
1664,브룩클린데커
1665,다코타고요
1666,이상호
1667,사묘
1668,샤니빈슨
1669,정소영
1670,염정아
1671,조한선
1672,정인선
1673,엘렌크로포드
1674,케이트베킨세일
1675,유가령
1676,브렌든섹스턴3세
1677,엄태웅
1678,커트니콕스
1679,레인윌슨
1680,최명길
1681,모리스버드옐로우헤드
1682,프랑크가스탐비드
1683,제임스네스빗
1684,정용화
1685,피부
1686,저스틴롱
1687,조덕현
1688,김영애
1689,그레첸몰
1690,지나말론
1691,데이비드가렛
1692,한수아
1693,라니무케르지
1694,패트리샤아퀘트
1695,벳시러셀
1696,임선영
1697,고원
1698,클로드브라소
1699,로렌브론리베
1700,크리스메시나
1701,폴크헨쉘
1702,댄카스텔라네타
1703,오창석
1704,황정음
1705,코이와이코토리
1706,찰리쉰
1707,교나
1708,야마데라코이치
1709,진
1710,에이사버터필드
1711,레이윈스턴
1712,우치다카라
1713,에이타
1714,잭니콜슨
1715,바크하드압디라만
1716,팝핀현준
1717,오석근
1718,이동준
1719,양기원
1720,다니엘트래비스
1721,손현주
1722,케빈제임스
1723,이명박
1724,조디포스터
1725,레슬리하워드
1726,노부사와미에코
1727,레오그레고리
1728,마틴프리먼
1729,이초희
1730,라미말렉
1731,오연수
1732,샤뮤스데이비핏츠패트릭
1733,레나올린
1734,문웅기
1735,도미니크호위츠
1736,시노다마리코
1737,앤도벌
1738,브로디허츨러
1739,야얀루히안
1740,정우성
1741,안나페리스
1742,사라스누크
1743,왕지원
1744,마라윌슨
1745,던컨맥닐
1746,나카오마사키
1747,안톤글랜제리어스
1748,김혜수
1749,앨리스브라가
1750,홍수현
1751,정애리
1752,이동규
1753,로라던
1754,데이비드듀코브니
1755,엘르패닝
1756,로건밀러
1757,강호동
1758,박유환
1759,김희상
1760,조윤숙
1761,아르노발로아
1762,황승언
1763,데이빗카루소
1764,카호
1765,오마샤리프
1766,김미경
1767,막심아브로시모프
1768,원빈
1769,카렌알렌
1770,아시아아르젠토
1771,송운화
1772,밀레느잠파노이
1773,박현영
1774,에릭스톨츠
1775,로렌스피시번
1776,알렉산드라로치
1777,송중기
1778,트레이시모건
1779,엄태구
1780,이도아
1781,커트러셀
1782,존보이트
1783,안느파릴로드
1784,알렉상드르로드리게즈
1785,크리스토스스테르기오글루
1786,마론웨이언스
1787,도널글리슨
1788,제인린치
1789,안재홍
1790,아윱아마디
1791,세실라로스
1792,산티아고카브레라
1793,씨씨스페이식
1794,펑위옌
1795,앨리시아벨라베일리
1796,찰리허냄
1797,다리아니콜로디
1798,제임스프랭코
1799,토머스터구즈
1800,더모트멀로니
1801,이정빈
1802,산드라블록
1803,쿄다히사코
1804,조슈아레오나드
1805,홍광호
1806,크리스틴데이비스
1807,매켄지포이
1808,베로니카캣라이트
1809,박예진
1810,이윤지
1811,크리스터커
1812,마에다아키
1813,아케사카사토미
1814,랄프파인즈
1815,김보성
1816,윌렘대포
1817,빌리코놀리
1818,마이클안가라노
1819,샤메익무어
1820,견자단
1821,김말해
1822,줄리델피
1823,조엘코트니
1824,전소니
1825,아이쉬와라라이
1826,린즈링
1827,오키나메구미
1828,명승훈
1829,요코자와케이코
1830,사토타케루
1831,아소구미코
1832,타카하시잇세이
1833,팀로스
1834,장서희
1835,키타우라아유
1836,쉬징레이
1837,틸다스윈튼
1838,핀화이트헤드
1839,칼어번
1840,윤소희
1841,전종서
1842,마이클갬본
1843,디나메이어
1844,이문식
1845,엘리자베스퍼킨스
1846,윌폴터
1847,카틴카언타루
1848,제이크웨버
1849,캐슬린퀸란
1850,질리언앤더슨
1851,멜리사맥카시
1852,채정안
1853,에릭
1854,사카모토치카
1855,주영훈
1856,제니퍼애니스톤
1857,야나기바토시로
1858,오슨빈
1859,페르난도카요
1860,미우라토모카즈
1861,숀패트릭프레너리
1862,유호정
1863,다케우치준코
1864,피터웰러
1865,박근록
1866,고두심
1867,김뢰하
1868,최무성
1869,찰리크리드마일즈
1870,김원명
1871,박은수
1872,스티븐레아
1873,김태희
1874,이태임
1875,라이스웨이크필드
1876,서희원
1877,막심고다르
1878,비욘세
1879,이바나바쿠에로
1880,유연석
1881,사라제시카파커
1882,손담비
1883,크리스토퍼리브
1884,행크아자리아
1885,케이트허드슨
1886,스테파노디오니시
1887,피아디거마크
1888,도지한
1889,온주완
1890,최정원
1891,브렌든프레이저
1892,배두나
1893,추자현
1894,칼라구기노
1895,존크래신스키
1896,연상호
1897,리차드드레이퓨즈
1898,손려
1899,박학기
1900,젬마찬
1901,유엽
1902,류신
1903,수잔서랜든
1904,토비켑벨
1905,돈리클스
1906,쉐일린우들리
1907,케빈하트
1908,정일우
1909,비
1910,나오미해리스
1911,리사비카리
1912,블레이크라이블리
1913,김기방
1914,이준기
1915,박지윤
1916,사사키쿠라노스케
1917,이몬워커
1918,박진우
1919,정해인
1920,스튜어트릭비
1921,한기린
1922,벨렌루에다
1923,이현우
1924,코디스밋맥피
1925,조재현
1926,공유
1927,로완앳킨슨
1928,해리딘스탠튼
1929,스티븐바우어
1930,알프리드몰리나
1931,클로에세비니
1932,마허샬라알리
1933,나카무라시도
1934,마에다아츠코
1935,윤안나
1936,미란다리차드슨
1937,바이쇼치에코
1938,정재훈
1939,심이영
1940,로라해링
1941,질를르슈
1942,제이크맥더맨
1943,신주환
1944,노넨레나
1945,루퍼트그린트
1946,루신다제니
1947,이안맥쉐인
1948,세키메구미
1949,라이언구즈먼
1950,장혁
1951,손태영
1952,오경
1953,천호진
1954,안소니마키
1955,데인드한
1956,이완
1957,쿠사나기츠요시
1958,니홍지에
1959,히이라기루미
1960,강일연
1961,찰리로우
1962,패트릭스웨이지
1963,레이첼와이즈
1964,레오나르도디카프리오
1965,히스레저
1966,김꽃지
1967,다니엘웰비
1968,홍진희
1969,사라애들러
1970,마이클무어
1971,사라라이트
1972,알렉산드라홀든
1973,탠디뉴튼
1974,닐세티
1975,채탁연
1976,미켈레플라치도
1977,할리베리
1978,네이슨레인
1979,현빈
1980,김신재
1981,로이밀러
1982,이관희
1983,제랄딘채플린
1984,로드리고산토로
1985,우마서먼
1986,쿠로키메이사
1987,최재환
1988,애셔앤젤
1989,데니안
1990,아우이크라발호
1991,오연서
1992,김해숙
1993,이종석
1994,캔델라페나
1995,박충선
1996,장쯔이
1997,J.안소니브라운
1998,이주원
1999,로망뒤리스
2000,러셀크로우
2001,크레이그로빈슨
2002,주지훈
2003,박상면
2004,앤디맥도웰
2005,양서장
2006,유다인
2007,리차드기어
2008,존리스고
2009,데이커몽고메리
2010,샬롯라일리
2011,신성일
2012,이우라아라타
2013,윤정희
2014,크리스에반스
2015,지젤번천
2016,김경룡
2017,임준일
2018,갤란코넬
2019,금초
2020,주윤발
2021,메릴스트립
2022,박은숙
2023,리처드해리스
2024,엠마누엘크리퀴
2025,하즈키리오나
2026,제레미노덤
2027,에드가라미레즈
2028,베일리가디스
2029,캐서린제타-존스
2030,사라버틀러
2031,지큐
2032,수애
2033,주걸륜
2034,레벨윌슨
2035,크리스찬슬레이터
2036,정은지
2037,숀로저슨
2038,클레어포라니
2039,브라이언카스피
2040,노라제인눈
2041,유대형
2042,길고양이들
2043,성지루
2044,최송현
2045,김재중
2046,장풍의
2047,애널리팁튼
2048,곽민호
2049,채드린드버그
2050,오가타메구미
2051,안나건
2052,이자벨까레
2053,마츠다쇼타
2054,제레미아이언스
2055,브루스칸
2056,이수근
2057,이노우에마오
2058,미나미카호
2059,황정민
2060,테일러둘리
2061,이영애
2062,다이안키튼
2063,서장훈
2064,전여빈
2065,크레이그T.넬슨
2066,에이미아담스
2067,레이크벨
2068,사토코이치
2069,설경구
2070,가렛헤드룬드
2071,톰홀랜드
2072,이리노미유
2073,키타노키이
2074,숀퍼트위
2075,브라이언티
2076,이미숙
2077,이금희
2078,대니디어
2079,마르티나가르시아
2080,테오제임스
2081,장사민
2082,이소연
2083,소지섭
2084,저우쉰
2085,카라엘레할데
2086,보니아론스
2087,페네로프앤밀러
2088,김현지
2089,로버트포웰
2090,김유석
2091,강민아
2092,윤은혜
2093,숀웨이언스
2094,제임스맥어보이
2095,바바라레니
2096,실비아획스
2097,김여진
2098,백승영
2099,비니존스
2100,로버트포스터
2101,로라하드독
2102,폴뉴먼
2103,콤미니
2104,리암니슨
2105,노만리더스
2106,매기질렌할
2107,심형래
2108,노정의
2109,마츠모토리카
2110,시원
2111,안길강
2112,데스몬드헤링턴
2113,남다름
2114,필립세이모어호프만
2115,연우진
2116,잭슨라스본
2117,원표
2118,박세완
2119,데이빗캐러딘
2120,자레드해리스
2121,케빈해프넌
2122,이미연
2123,이영아
2124,오드리토투
2125,이리즈키아야
2126,킴캐트럴
2127,시얼샤로넌
2128,데이지리들리
2129,심혜진
2130,클라우스마리아브랜다우어
2131,케링튼페인
2132,로사리오도슨
2133,하용복
2134,임성언
2135,로즈레슬리
2136,송민경
2137,이주현
2138,이경규
2139,아라가키유이
2140,유세윤
2141,드웨인존슨
2142,크리스토퍼에클리스턴
2143,에디뜨스꼽
2144,하루카와마스미
2145,배해선
2146,김명민
2147,니콜라스홀트
2148,프랑수와벨레앙
2149,송선미
2150,스카티톰슨
2151,김현주
2152,배정화
2153,제이바루첼
2154,이성민
2155,알렉볼드윈
2156,시모네굴리
2157,사쿠마레이
2158,딜런오브라이언
2159,류한홍
2160,노무현
2161,호세줄리안
2162,아비가일알데레테
2163,바비캠포
2164,오웬바카로
2165,김성민
2166,임동진
2167,로쉬디젬
2168,권영국
2169,맨디무어
2170,스즈키안
2171,경첨
2172,손책
2173,공정환
2174,로렌홀리
2175,트레이파커
2176,이영진
2177,조은지
2178,박주미
2179,김시아
2180,오지혜
2181,마틴루터킹
2182,변희봉
2183,리카도다린
2184,베리보스트윅
2185,마이클V.가조
2186,빌풀만
2187,시에나길로리
2188,제시카알바
2189,에밀리왓슨
2190,조지샘슨
2191,송승헌
2192,제레미블랙맨
2193,김민혁
2194,아담스콧
2195,쿠리야마치아키
2196,김성균
2197,고주원
2198,니콜라벌리
2199,탈리아샤이어
2200,레이첼리쿡
2201,안도마사노부
2202,후부키준
2203,미셸윌리엄스
2204,백진희
2205,짐스터게스
2206,풍소봉
2207,로니콕스
2208,모리야마슈이치로
2209,숀펜
2210,캐서린헤이글
2211,스티븐딜레인
2212,니콜드보아
2213,우정신
2214,베네딕트컴버배치
2215,김시후
2216,야마자키켄토
2217,엘리사나이트
2218,은원재
2219,안드레3000
2220,김준현
2221,케이트블란쳇
2222,키키키린
2223,홍경민
2224,클레멘스포시
2225,휴댄시
2226,제시맥카트니
2227,천쿤
2228,김민종
2229,피트포스틀스웨이트
2230,에릭벌포
2231,줄리크리스티
2232,아비게일브레스린
2233,알리슨로먼
2234,박용우
2235,폴매카트니
2236,김대명
2237,조페시
2238,박준면
2239,카렌길런
2240,에일리란킨
2241,솔레다드빌라밀
2242,김주혁
2243,장효전
2244,김동완
2245,대니트레조
2246,린제이로한
2247,박진주
2248,제니퍼카펜터
2249,주디그리어
2250,크세니야라포포트
2251,저스틴바사
2252,문근영
2253,마이크스트라웁
2254,아네트베닝
2255,유준상
2256,김종태
2257,갈소원
2258,진핵크만
2259,황화순
2260,우디해럴슨
2261,이노우에카즈히코
2262,우희진
2263,권태호
2264,제이슨클락
2265,최상준
2266,프란세스카시아디
2267,트리트윌리암스
2268,정우식
2269,마츠다요지
2270,정하담
2271,팀로빈스
2272,이청아
2273,카를로스바르뎀
2274,송창의
2275,니콜라이코스터-왈도
2276,조윤희
2277,코바야시아이
2278,이재룡
2279,정지민
2280,최재성
2281,이재현
2282,윤계상
2283,엘리자베스헐리
2284,크리스헴스워스
2285,김영호
2286,성룡
2287,릴리소비에스키
2288,엘런드제너러스
2289,타나이크헤다
2290,담요문
2291,김우빈
2292,나카무라마사토시
2293,조미래
2294,마이크타이슨
2295,히암압바스
2296,황미영
2297,조나단프라이스
2298,성동일
2299,나가세마사토시
2300,김한민
2301,류대식
2302,적룡
2303,김정욱
2304,로비아멜
2305,이연두
2306,김새론
2307,정무성
2308,혜영홍
2309,미셸모나한
2310,테렌스스탬프
2311,서우림
2312,장가휘
2313,김명국
2314,타나카마유미
2315,사만다멈바
2316,토미리존스
2317,기무라요시노
2318,류진
2319,조셉마젤로
2320,까졸
2321,코비스멀더스
2322,하나경
2323,에리카
2324,주영호
2325,진초하
2326,세키구치유스케
2327,니시다토시유키
2328,쿠사카리타미요
2329,후쿠야마마사하루
2330,콜린오도노휴
2331,프란시스오코너
2332,로베르토베니니
2333,한수현
2334,프루이트테일러빈스
2335,조나단터커
2336,안젤리나졸리
2337,김재욱
2338,양자경
2339,타마시로티나
2340,조안쿠삭
2341,자말말로리-맥크리
2342,서교
2343,신정근
2344,아가타트르제부초우스카
2345,타네다리사
2346,안토니올리버피론
2347,이정진
2348,이영은
2349,안소니홉킨스
2350,제케리아에브라하미
2351,류현경
2352,할리조엘오스먼트
2353,사와시로미유키
2354,유건
2355,오지은
2356,에드해리스
2357,민디캘링
2358,이다윗
2359,아치타시카마나
2360,제이슨서디키스
2361,파스칼베네제크
2362,양정원
2363,애드리언브로디
2364,고성희
2365,RM
2366,릴리콜린스
2367,나카야마미호
2368,로리홀든
2369,박민영
2370,토비어스멘지스
2371,김소영
2372,밀라쿠니스
2373,마츠다류헤이
2374,지민
2375,루퍼스스웰
2376,최필립
2377,맥컬리컬킨
2378,후준
2379,지창욱
2380,김성수
2381,크리스틴스튜어트
2382,예론반코닝스부르헤
2383,이시쿠라사부로
2384,한예리
2385,소피아부텔라
2386,하윤경
2387,김은주
2388,하하
2389,알렉세이세레브리아코프
2390,마리사토메이
2391,피터오툴
2392,진선규
2393,사쿠라바나나미
2394,손연복
2395,준호
2396,J.K.시몬스
2397,제이캐슬
2398,오광록
2399,론엘다드
2400,전노민
2401,주노템플
2402,나이젤호손
2403,로이도트라이스
2404,츠지무라마히토
2405,김태석
2406,알렉스러셀
2407,보킴우드바인
2408,카미야아키라
2409,마크스트롱
2410,김종국
2411,실베스터스탤론
2412,김준
2413,벤포스터
2414,한메구미
2415,김새벽
2416,오천련
2417,크리스토퍼이건
2418,제프리라이트
2419,이영훈
2420,주디덴치
2421,브누와마지멜
2422,미나세이노리
2423,조시스튜어트
2424,제나파커
2425,블랜차드라이언
2426,배종옥
2427,파벨데레비앙코
2428,차논산티네톤쿨
2429,올리비아핫세
2430,릴리제임스
2431,톰맥케이
2432,카자마슌스케
2433,헬레나본햄카터
2434,김효진
2435,코바야시카오루
2436,김준성
2437,지오바니리비시
2438,제임스코든
2439,윌휘튼
2440,김창숙
2441,정상협
2442,윤세아
2443,송혜교
2444,맥스마티니
2445,캐서린제타존스
2446,라이언레이놀즈
2447,토마스크레취만
2448,장위그앙글라드
2449,티모시밸미
2450,후지와라타츠야
2451,쿠스노키타이텐
2452,성훈
2453,강성연
2454,이시다유리코
2455,마크러팔로
2456,문성근
2457,카라호프만
2458,서영주
2459,에릭마비우스
2460,나탈리잭슨멘도자
2461,다케나카나오토
2462,사무엘L.잭슨
2463,아마우리놀라스코
2464,김지영
2465,젬마아터튼
2466,빈디젤
2467,계륜미
2468,카레헤레브란트
2469,헤일리스테인펠드
2470,김유리
2471,다코타존슨
2472,안내상
2473,사무엘르비앙
2474,애너월턴
2475,메간폭스
2476,로빈튜니
2477,리즈알렉산더
2478,스코트스피드먼
2479,스티븐랭
2480,한여울
2481,김민재
2482,지대한
2483,안나파킨
2484,제나로우랜즈
2485,유세형
2486,광태
2487,한예슬
2488,조쉬해밀턴
2489,정재영
2490,헤더도나휴
2491,테일러로트너
2492,장우기
2493,매기큐
2494,줄리월터스
2495,하야미사오리
2496,박시은
2497,와타나베켄
2498,마리로어더그나크
2499,라다미첼
2500,손나은
2501,두우항
2502,윌리엄캇
2503,마일즈텔러
2504,권율
2505,올리비아와일드
2506,제이슨제임스리처
2507,이태성
2508,오오타니이쿠에
2509,윤상현
2510,기네스팰트로
2511,남경읍
2512,신동혁
2513,고호
2514,신현탁
2515,마이클빈
2516,개리
2517,로건레먼
2518,나이마맥린
2519,히로스에료코
2520,힐러리더프
2521,조문주
2522,산나라단
2523,신보라
2524,레이첼허드-우드
2525,이토히데아키
2526,폴베타니
2527,이연경
2528,케빈베이컨
2529,마에다아이
2530,최문자
2531,이완브렘너
2532,맷보머
2533,조인성
2534,윤기형
2535,제시제임스
2536,김태훈
2537,도미닉쿠퍼
2538,차현정
2539,조보아
2540,야베쿄스케
2541,진소춘
2542,황동주
2543,닉로빈슨
2544,케이트노타
2545,로버트레드포드
2546,오언조
2547,키타무라타쿠미
2548,세스로건
2549,류혜영
2550,왕지혜
2551,나탈리포트만
2552,김성령
2553,여명
2554,홍범기
2555,토미자와카자토
2556,스콧애짓
2557,이안그루퍼드
2558,미야자키아오이
2559,줄리아사왈하
2560,나스타샤킨스키
2561,셀마블레어
2562,제라르드빠르디유
2563,알베르토암만
2564,지만원
2565,안도사쿠라
2566,리자라피라
2567,샘록웰
2568,메이휘트먼
2569,유인나
2570,매들린스토우
2571,코리펠드만
2572,한지혜
2573,판빙빙
2574,스텔라매브
2575,제라드버틀러
2576,안셀엘고트
2577,김혜은
2578,홍은택
2579,다나카케이
2580,해롤드굴드
2581,아나스타시아힐
2582,정성화
2583,곽현화
2584,성시경
2585,방조명
2586,사미나세리
2587,미아고스
2588,윌윤리
2589,박중훈
2590,미카엘헤르비그
2591,김광민
2592,니브캠벨
2593,유오성
2594,에이미세이메츠
2595,줄리에스텔
2596,제임스볼드윈
2597,고대영
2598,에반젤린릴리
2599,임봉
2600,마츠야마켄이치
2601,데미안비쉬어
2602,정혜선
2603,제레미레니에
2604,탕준상
2605,김춘희
2606,수호
2607,권오중
2608,임주환
2609,리스이판
2610,데미무어
2611,박정화
2612,이천희
2613,타이버렐
2614,천우희
2615,오오시마유코
2616,샤를로뜨갱스부르
2617,임수정
2618,한은정
2619,강철환
2620,줄리아스타일스
2621,오희준
2622,데이브바티스타
2623,류승룡
2624,마크프레드릭스
2625,강예원
2626,카린베그퀴스트
2627,테리해처
2628,전혜진
2629,최진혁
2630,여민구
2631,마이클쉰
2632,장학
2633,트린디어홈
2634,앤마리더프
2635,고바야시사토미
2636,스프라그그레이든
2637,윤제문
2638,캐스퍼반디엔
2639,주드로
2640,주세페술파로
2641,나가야카즈아키
2642,브렌단글리슨
2643,전인걸
2644,존슬래터리
2645,신민아
2646,브래드피트
2647,박지아
2648,리처드윈저
2649,제시카슈바르츠
2650,김기리
2651,홍수아
2652,우에하라미사
2653,서인국
2654,조쉬허처슨
2655,김민호
2656,이정용
2657,디에고루나
2658,패트릭뎀시
2659,올리버리드
2660,조쉬더하멜
2661,김근수
2662,카이오준쿠에이라
2663,제프코엔
2664,아만다사이프리드
2665,캐리앤모스
2666,이재응
2667,한혜진
2668,김재철
2669,카세료
2670,셀레나고메즈
2671,하비케이틀
2672,라이언오닐
2673,김영철
2674,이엘
2675,프란카포텐테
2676,왕석현
2677,리사로벤콩슬리
2678,오월
2679,인피니트
2680,이고은
2681,박사랑
2682,제니퍼틸리
2683,양미
2684,오셍아가지
2685,귈림리
2686,신지뢰
2687,마이클세라
2688,디오
2689,김재광
2690,이케와키치즈루
2691,오카다마사키
2692,임채무
2693,노주현
2694,로버트커먼
2695,제니퍼제이슨리
2696,위르겐힌츠페터
2697,아가타쿠레샤
2698,윤현민
2699,성기국
2700,김주현
2701,디몬하운수
2702,이용관
2703,허준석
2704,톰에버렛스콧
2705,토빈벨
2706,한효주
2707,제레미어바인
2708,제시아이젠버그
2709,종려시
2710,전광렬
2711,김진희
2712,제인앳킨슨
2713,박동빈
2714,차승원
2715,웅흔흔
2716,최민철
2717,정선철
2718,이스마일하지오글루
2719,김수미
2720,임지규
2721,어셔
2722,마르티나게덱
2723,전도연
2724,이종걸
2725,에반피터스
2726,김민주
2727,미모리스즈코
2728,데렉리차드슨
2729,박은빈
2730,다니엘래드클리프
2731,장만옥
2732,딘스톡웰
2733,김종민
2734,여진구
2735,마리옹꼬띠아르
2736,더글러스부스
2737,차지훈
2738,최원영
2739,기무라타쿠야
2740,보이드홀브룩
2741,조다나브류스터
2742,에밀리미드
2743,김광석
2744,트래비스핌멜
2745,엠베스데이비츠
2746,박준금
2747,이토미사키
2748,진이한
2749,릭스프링필드
2750,수지
2751,바이바이허
2752,앤알바로
2753,루이스클람로스
2754,성은
2755,그레이스반디엔
2756,피에르꼬팽
2757,프란체스코캄포바소
2758,박소영
2759,테렌스하워드
2760,폴니콜스
2761,김무열
2762,톰커트니
2763,모니카벨루치
2764,매리맥도넬
2765,제이슨오마라
2766,전소호
2767,레이와이즈
2768,시우민
2769,채닝테이텀
2770,루크마블리
2771,서영희
2772,윌패튼
2773,소이현
2774,신경선
2775,정운택
2776,우치다아야
2777,천정명
2778,오타니료헤이
2779,카야스코델라리오
2780,츠루타마유
2781,제프갈린
2782,키엘산체즈
2783,벤애플렉
2784,김광규
2785,최승호
2786,스베리르구드나손
2787,댄오헐리히
2788,오스카아이삭
2789,데이빗벨
2790,로버트패틴슨
2791,일레나더글라스
2792,하야시바라메구미
2793,제이슨리
2794,디월리스
2795,금사걸
2796,레이디가가
2797,전혜빈
2798,마크애디
2799,케빈스페이시
2800,최성국
2801,케빈소보
2802,이상현
2803,카와시마우미카
2804,모잔마르노
2805,정지훈
2806,리처드아미티지
2807,이종인
2808,문블러드굿
2809,소피아블랙디엘리아
2810,웨슬리스나입스
2811,유리보리소프
2812,셔먼조쉬
2813,신원호
2814,신명철
2815,양준우
2816,한경
2817,오연재
2818,후카츠에리
2819,밀리바비브라운
2820,로빈리커
2821,하윤동
2822,빌스카스가드
2823,데니스리어리
2824,엠마벨
2825,에이쿠라나나
2826,팀알렌
2827,이덕화
2828,T.O.P
2829,로렌벨레즈
2830,강기훈
2831,이민정
2832,나라유리아
2833,고애리
2834,올리비아문
2835,김강우
2836,에드워드펄롱
2837,한시연
2838,문보령
2839,롤프라스가드
2840,르네루소
2841,한가인
2842,장국영
2843,바바라허쉬
2844,신의재
2845,조안알렌
2846,김선울
2847,한나헤르츠스프룽
2848,김승욱
2849,이다엥볼
2850,비비안리
2851,제임스뱃지데일
2852,야마시타토모히사
2853,마리아피로고바
2854,조승우
2855,하나자와카나
2856,조쉬펙
2857,전수현
2858,RJ사일러
2859,스티페에르체그
2860,아오키무네타카
2861,존클리즈
2862,벤하디
2863,크리스튼코놀리
2864,박해미
2865,송옥숙
2866,매튜폭스
2867,마이클패스벤더
2868,클라이브오웬
2869,오데드페르
2870,조쉬루카스
2871,타베미카코
2872,메나마수드
2873,김주리
2874,마곳키더
2875,이한위
2876,찰톤헤스톤
2877,리차드젠킨스
2878,임지호
2879,매드미니
2880,강인
2881,유관성
2882,레베카홀
2883,레아펄만
2884,조광제
2885,데이브존스
2886,루크브레이시
2887,진백림
2888,헤더소서맨
2889,시라이시아야노
2890,서영화
2891,구윤희
2892,에쉬튼샌더스
2893,휴고위빙
2894,오흥국
2895,최유화
2896,장동건
2897,세르게이베르주코프
2898,서효림
2899,이레
2900,브루스캠벨
2901,팀칼코프
2902,김율
2903,에구치요스케
2904,박순동
2905,릴리모노리
2906,톰크루즈
2907,박영희
2908,곽시양
2909,정원창
2910,로빈라이트
2911,조문탁
2912,지현우
2913,안은새
2914,플로리안루카스
2915,고경표
2916,제레미섬터
2917,혜리
2918,진영
2919,소피마르소
2920,매기그레이스
2921,스티븐시걸
2922,최지호
2923,알렉스
2924,이로운
2925,링고스타
2926,윌리암허트
2927,코야마리키야
2928,정유미
2929,이채미
2930,도로시듀피
2931,보라
2932,이정은
2933,임주은
2934,마이클더글라스
2935,맥시밀리안쉘
2936,타일러포시
2937,유아인
2938,장철영
2939,저스틴채트윈
2940,이서연
2941,빌헤이더
2942,조던나가이
2943,보아
2944,증지위
2945,쉐일라비슬리
2946,리에반스
2947,버트라르
2948,존쿠삭
2949,올리비아콜맨
2950,리브슈라이버
2951,허정민
2952,에이미슈머
2953,장예가
2954,봉태규
2955,고나은
2956,주디갈랜드
2957,토퍼그레이스
2958,존마리
2959,정유석
2960,노무라만사이
2961,이요섭
2962,모리카와토시유키
2963,스티븐브랜드
2964,엘리너톰린슨
2965,윤기숙
2966,크레이그셰퍼
2967,해리베라폰테
2968,존보예가
2969,제니퍼로렌스
2970,김현선
2971,모토키마사히로
2972,에디레드메인
2973,존맥에너리
2974,서미지
2975,캐리엘위스
2976,D.B.스위니
2977,노아주프
2978,에드워드번즈
2979,다니엘오떼유
2980,숀비거스탭
2981,데이빗알란그리어
2982,킬리언머피
2983,쇼니스미스
2984,성현아
2985,탁재훈
2986,크리스파인
2987,멜라니그리피스
2988,호세코로나도
2989,레이첼하우스
2990,김지훈
2991,정시연
2992,조셉파인즈
2993,벤멘델슨
2994,주동우
2995,다이안레인
2996,티모시샬라메
2997,아사미유마
2998,도미니크피뇽
2999,파블로데르키
3000,케이코
3001,신현준
3002,조복래
3003,발리에리르메르시
3004,토머스새도스키
3005,에디머피
3006,마틴쉰
3007,윌리암H.머시
3008,매튜구드
3009,마이클클락던칸
3010,헤라힐마
3011,크리스토퍼커비
3012,대니드비토
3013,엘리자베스페나
3014,박지현
3015,정수영
3016,혁
3017,소유붕
3018,카미시라이시모네
3019,세프론버로우스
3020,김희선
3021,최로운
3022,헥터콜롬
3023,양익준
3024,리빙빙
3025,제니퍼러브휴이트
3026,프란시스코보이라
3027,김다미
3028,테일러러셀
3029,사스카고펠
3030,여소군
3031,샐리호킨스
3032,김희철
3033,구자형
3034,파이퍼페라보
3035,샨텔반샌튼
3036,오승훈
3037,체비체이스
3038,진교은
3039,빌리크루덥
3040,엠마로버츠
3041,박희정
3042,맷월쉬
3043,성강
3044,조니웨스턴
3045,빅토리아
3046,쉘리헨닝
3047,루비로즈
3048,조나힐
3049,이사벨루카스
3050,조우정
3051,김하나
3052,김설
3053,려욱
3054,윤진이
3055,론펄먼
3056,아론에크하트
3057,제임스루소
3058,퀸튼잭슨
3059,구혜선
3060,그렉키니어
3061,치바스스무
3062,야마모토미즈키
3063,니콜라스파렐
3064,드레이크벨
3065,임가동
3066,웬트워스밀러
3067,르네비또라야쯔
3068,클라라라고
3069,손경호
3070,셀라워드
3071,장경아
3072,백성현
3073,장국강
3074,샘쉐퍼드
3075,로버트시한
3076,나카무라에리코
3077,김희정
3078,오하라노리코
3079,클레어포이
3080,박혁권
3081,김영옥
3082,루한
3083,이성재
3084,김민영
3085,휴로리
3086,에밀리브라우닝
3087,김혜자
3088,엠마톰슨
3089,앤아처
3090,브라이언크랜스톤
3091,김혜준
3092,실비테스튀
3093,정혜숙
3094,이아인
3095,데인쿡
3096,크리스토퍼월켄
3097,다이오라베어드
3098,이상희
3099,줄리아디에체
3100,히라오카유타
3101,이종혁
3102,다니엘프랜지스
3103,치웨텔에지오포
3104,타카츠키사라
3105,니콜라펠츠
3106,낸시카트라이트
3107,피터사스가드
3108,왕바오창
3109,오마라포르투온도
3110,프란드레셔
3111,카일리미노그
3112,톰히들스턴
3113,츠츠미신이치
3114,라이언고슬링
3115,신동
3116,이소룡
3117,다이앤크루거
3118,제이미리커티스
3119,루디영블러드
3120,골디혼
3121,김지호
3122,최불암
3123,김예은
3124,신동욱
3125,정백연
3126,최강희
3127,가진동
3128,정소민
3129,주겐프로크노
3130,이하나
3131,강지우
3132,케빈하워스
3133,미카엘니크비스트
3134,김가령
3135,안토니오반데라스
3136,조정석
3137,임윤
3138,페넬로페크루즈
3139,마츠모토준
3140,하마베미나미
3141,오토제스퍼슨
3142,헤일리웹
3143,아리엘윈터
3144,권귀덕
3145,라이언필립
3146,김인우
3147,전역산
3148,윤두준
3149,엘레노파커
3150,김민교
3151,제이미폭스
3152,정경호
3153,엠마왓슨
3154,무카이오사무
3155,아미타브밧찬
3156,앨런릭먼
3157,김지언
3158,김기수
3159,다이앤위스트
3160,샤키라
3161,에드워드스펠리어스
3162,김윤석
3163,로버트드니로
3164,에밀리오에체바리아
3165,데브라윙거
3166,저스틴서룩스
3167,김상중
3168,키아누리브스
3169,박진
3170,임현제
3171,권상우
3172,김서영
3173,강동원
3174,제이미벨
3175,방연지
3176,제시카비엘
3177,린다카델리니
3178,가이스드빌리어스
3179,토니토드
3180,알렉산드라파크
3181,도미닉퍼셀
3182,오은주
3183,매티아스브레너
3184,나카리이사
3185,문정희
3186,제니퍼러브휴잇
3187,이희준
3188,유이
3189,이미도
3190,최원균
3191,하마츠타카유키
3192,노자와마사코
3193,이자벨위페르
3194,에드헬름스
3195,신소율
3196,엘리자베타보야르스카야
3197,이상우
3198,케이트캡쇼
3199,정만식
3200,박희순
3201,다니엘칼루야
3202,조샐다나
3203,다니엘스턴
3204,재커리퀸토
3205,클레어홀트
3206,임채헌
3207,강지환
3208,전용택
3209,호아킨피닉스
3210,마일리사이러스
3211,박민하
3212,에밀리라타이코프스키
3213,고천락
3214,윤아
3215,테드맥긴리
3216,헨리E.브래디
3217,베라파미가
3218,키리타니미레이
3219,킴베이싱어
3220,미우라하루마
3221,장진영
3222,오윤홍
3223,박성웅
3224,미쉘룩스
3225,동방우
3226,마르게타이글로바
3227,톰행크스
3228,김명곤
3229,아담샌들러
3230,자비에보브와
3231,이시영
3232,세바스티안코치
3233,아론유
3234,자끄페렝
3235,오지명
3236,섀드모스
3237,조나단스캐치
3238,이상엽
3239,김상호
3240,도미닉웨스트
3241,채상우
3242,민지환
3243,카가와테루유키
3244,이요원
3245,리워넬
3246,은서우
3247,배미순
3248,지안
3249,이원근
3250,정이건
3251,이솜
3252,김민경
3253,애덤G.세바니
3254,텔리사바라스
3255,마일로벤티밀리아
3256,미라소르비노
3257,올리비에마르티네즈
3258,다이아나스카위드
3259,쿠니무라준
3260,존캔디
3261,홀리벨렌스
3262,이나영
3263,임달화
3264,조판토리아노
3265,이민우
3266,제이홉
3267,헤일리스콰이어
3268,김영무
3269,로몰라가레이
3270,정은표
3271,지성
3272,잭콜맨
3273,더스틴호프만
3274,케시베이츠
3275,김철웅
3276,로버트호프먼
3277,오노다이스케
3278,나리미야히로키
3279,빌리크리스탈
3280,데이빗쉼머
3281,갤가돗
3282,스티브부세미
3283,맷데이먼
3284,클레어브룸
3285,김예원
3286,젬마워드
3287,김태리
3288,헨리토마스
3289,양조위
3290,성민
3291,리처드B.리빙스톤
3292,김수현
3293,존빌링슬리
3294,이드리스엘바
3295,카르멘일렉트라
3296,고서희
3297,제이미블랙리
3298,루크윌슨
3299,에이미포엘러
3300,이민호
3301,김민수
3302,패트릭윌슨
3303,이진희
3304,에미넴
3305,니키브론스키
3306,제시카랭
3307,김진우
3308,이서진
3309,조피아프소타
3310,키무라히에이
3311,잭키얼헤일리
3312,헨리호퍼
3313,허이재
3314,프랑수아클루제
3315,이승연
3316,레나헤디
3317,문주연
3318,조지클루니
3319,안나소피아롭
3320,지니퍼굿윈
3321,케빈욘
3322,쿠엔틴타란티노
3323,루퍼트그레이브스
3324,릴리테일러
3325,로사살라자르
3326,이자웅
3327,시다미라이
3328,이익준
3329,르네젤위거
3330,크리스틴스콧토마스
3331,율리히톰센
3332,호위시고
3333,샤룩칸
3334,다니엘파나베이커
3335,류자링
3336,김민서
3337,프란시스맥도맨드
3338,레나트마머
3339,알프리우다드
3340,스캇글렌
3341,조시게드
3342,정애연
3343,토마스본브롬슨
3344,최희서
3345,임성철
3346,한승연
3347,서장원
3348,김학철
3349,한삭
3350,존트라볼타
3351,공명
3352,아야세하루카
3353,브래드데이비스
3354,클리어듀발
3355,행S.응고르
3356,아이유
3357,고란비스닉
3358,도날드서덜랜드
3359,브렌다프리커
3360,구로키히토미
3361,바네사헤이우드
3362,케이티피더스턴
3363,장근석
3364,안세하
3365,브루스윌리스
3366,코가미츠키
3367,리처드하몬
3368,로버트듀발
3369,울리히뮤흐
3370,이사벨퍼만
3371,남궁민
3372,사사키노조미
3373,스티븐슈나이더
3374,리페이스
3375,린다해밀턴
3376,베니시오델토로
3377,엄정화
3378,매기스미스
3379,안나켄드릭
3380,석행우
3381,닉키과다그니
3382,나카무라토오루
3383,장현성
3384,채시라
3385,이와세료
3386,스텔란스카스가드
3387,윌스미스
3388,유우흔
3389,사라미셀겔러
3390,제이슨베어
3391,강혜정
3392,이규한
3393,김보경
3394,윤소이
3395,제이슨아이삭스
3396,쇼레아그다쉬루
3397,나인뮤지스
3398,래돈총
3399,아리무라카스미
3400,송요셉
3401,고은아
3402,안야테일러조이
3403,타이딕스
3404,강하늘
3405,윤여정
3406,조우진
3407,스티브카렐
3408,마노에리나
3409,이일화
3410,강주희
3411,샘오취리
3412,감우성
3413,슝다이린
3414,왕대륙
3415,에밀리블런트
3416,벤스틸러
3417,아드리안폴
3418,조안첸
3419,안석환
3420,프리다핀토
3421,정헌
3422,케이샤캐슬휴즈
3423,김준한
3424,알레산드로가스만
3425,니콜라스디아고스토
3426,짐캐리
3427,로지데이
3428,민복기
3429,게리루이스
3430,조안
3431,맷크레이븐
3432,신현빈
3433,닛타에미
3434,캐서린모리스
3435,나카무라치에
3436,펠리시티존스
3437,야마구치토모코
3438,박보영
3439,리처드판스워드
3440,그레고리하인즈
3441,매튜맥퍼딘
3442,김부선
3443,류경수
3444,안톤옐친
3445,심은경
3446,하정우
3447,배슬기
3448,피오마르마이
3449,난죠요시노
3450,이태경
3451,유재명
3452,브리짓모이나한
3453,리암에이켄
3454,존시나
3455,톰펠튼
3456,박신양
3457,김보연
